site,college,label,evidence,fp_post_date,last_date,split
https://www.nls.ac.in/,NLSIU Bengaluru,hiring,Law faculty posts; apply by 26 Oct 2026,2026-09-30,2026-10-26,tune
https://www.amu.ac.in/,Aligarh Muslim University,hiring,Department of Law; hard copy by post by 08.10.2026,2026-09-28,2026-10-08,tune
https://aud.ac.in/,Dr BR Ambedkar Univ Delhi,hiring,Guest faculty empanelment at SLPS on 06.10.2026,2026-10-01,2026-10-06,tune
http://www.allduniv.ac.in/,University of Allahabad,hiring,Interview at Faculty of Law; posted 2 Oct,2026-10-02,,tune
http://www.ignou.ac.in/,IGNOU,hiring,School of Law among schools; last date 20.10.2026,2026-09-24,2026-10-20,holdout
https://vidyashilp.edu.in/,Vidyashilp University,hiring,School of Law among departments; last date 15 Nov 2026,2026-09-28,2026-11-15,holdout
https://www.bbau.ac.in/,BBAU Lucknow,hiring,School of Legal Studies (Law); online form to 19.10.2026,2026-09-11,2026-10-19,holdout
https://www.christuniversity.in/,CHRIST Univ,hiring,Law among specialisations in Dept of Professional Studies; no deadline,2026-10-01,,holdout
https://careers.nludelhi.ac.in,NLU Delhi,not_hiring,Applications closed (FP last date 27 Sep 2026),2026-09-18,2026-09-27,tune
http://www.nuals.ac.in/,NUALS Kochi,not_hiring,Last date 03.09.2026,2026-08-21,2026-09-03,tune
https://rru.ac.in/,Rashtriya Raksha Univ,not_hiring,Submit by 27.08.2026,2026-08-21,2026-08-27,tune
http://kvrrlawcollege.com/,KV Ranga Reddy Law College,not_hiring,Within 10 days of 26 Aug,2026-08-26,2026-09-05,holdout
https://www.klelawcollege.edu.in/,KLE Law Navi Mumbai,not_hiring,Within 15 days of 25 Aug,2026-08-25,2026-09-09,holdout
http://www.iilsindia.com,IILS Siliguri,not_hiring,Last date 6 Sep 2026,2026-09-02,2026-09-06,holdout
http://www.vims.ac.in,Vydehi Group Bengaluru,hiring,Vydehi Institute of Law all law subjects; email CV by 2026-10-10,2026-09-30,2026-10-10,holdout_new
https://www.shridharuniversity.ac.in/,Shridhar University Pilani,hiring,School of Legal Studies and Governance; within 15 days of 30 Sep,2026-09-30,2026-10-15,holdout_new
https://sju.ac.in/,St Joseph University (School of Law),not_hiring,Last date 15.09.2026,2026-09-11,2026-09-15,holdout_new
